{"CN50": {"tr": 0.5996702432653633, "meta": [1, 2, 1, 1, [2, 1], 0, 0, 0, 0, 0], "wr": 0.509090909090909, "pr": 0.6902495774398177}, "US500": {"tr": 0.5876758462947265, "meta": [1, 1, 2, 1, [2, 1], 0, 0, 0, 0, 0], "wr": 0.5, "pr": 0.6753516925894529}, "GBPJPY": {"tr": 0.5137681099904681, "meta": [1, 1, 1, 1, [2, 1], 0, 0, 0, 0, 0]}, "AMZN": {"tr": 0.5336448394386308, "meta": [2, 1, 1, 1, [3, 2], 0, 0, 0, 0, 0], "wr": 0.4852941176470588, "pr": 0.5819955612302029}, "US100": {"tr": 0.5885484741217, "meta": [1, 1, 1, 1, [3, 2], 0, 0, 0, 0, 0], "wr": 0.5333333333333333, "pr": 0.6437636149100666}, "EURUSD": {"tr": 0.6198142374578486, "meta": [1, 2, 1, 1, [3, 2], 0, 0, 0, 0, 0], "wr": 0.5853658536585366, "pr": 0.6542626212571607}, "EU50": {"tr": 0.4973415550337079, "meta": [2, 2, 1, 1, [3, 2], 0, 0, 0, 0, 0], "wr": 0.4444444444444444, "pr": 0.5502386656229714}, "RTY": {"tr": 0.5379499121360335, "meta": [1, 1, 2, 1, [2, 1], 0, 0, 0, 0, 0], "wr": 0.4523809523809524, "pr": 0.6235188718911147}, "SG25": {"tr": 0.5194307339410482, "meta": [1, 2, 2, 1, [2, 1], 0, 0, 0, 0, 0], "wr": 0.42592592592592593, "pr": 0.6129355419561705}, "EURCAD": {"tr": 0.5826100081342401, "meta": [1, 2, 1, 1, [3, 2], 0, 0, 0, 0, 0], "wr": 0.54, "pr": 0.6252200162684802}, "COPPER": {"tr": 0.5814193297090009, "meta": [1, 1, 1, 1, [3, 2], 0, 0, 0, 0, 0], "wr": 0.5342465753424658, "pr": 0.6285920840755361}, "UKSUGAR": {"tr": 0.6826316011343101, "meta": [1, 1, 2, 1, [3, 2], 0, 0, 0, 0, 0], "wr": 0.64, "pr": 0.7252632022686201}, "COFFEEARABICA": {"tr": 0.51764832283156, "meta": [2, 1, 2, 1, [3, 2], 0, 0, 0, 0, 0], "wr": 0.47368421052631576, "pr": 0.5616124351368044}, "J225": {"tr": 0.5052112120858646, "meta": [2, 2, 1, 1, [3, 2], 0, 0, 0, 0, 0], "wr": 0.4533333333333333, "pr": 0.557089090838396}, "DE40": {"tr": 0.5527178768704866, "meta": [1, 2, 2, 1, [3, 2], 0, 0, 0, 0, 0], "wr": 0.5102040816326531, "pr": 0.5952316721083201}, "SP35": {"tr": 0.5111108344253108, "meta": [1, 1, 2, 1, [3, 2], 0, 0, 0, 0, 0], "wr": 0.46938775510204084, "pr": 0.5528339137485808}, "USDCHF": {"tr": 0.6049412946961921, "meta": [2, 2, 1, 1, [3, 2], 0, 0, 0, 0, 0], "wr": 0.5573770491803278, "pr": 0.6525055402120562}, "EURJPY": {"tr": 0.6560192036741834, "meta": [1, 1, 2, 1, [3, 2], 0, 0, 0, 0, 0], "wr": 0.6216216216216216, "pr": 0.6904167857267454}, "GME": {"tr": 0.5784161394350562, "meta": [1, 1, 1, 1, [3, 2], 0, 0, 0, 0, 0], "wr": 0.5294117647058824, "pr": 0.6274205141642301}, "OIL_CRUDE": {"tr": 0.4912320929019889, "meta": [2, 2, 1, 1, [2, 1], 0, 0, 0, 0, 0], "wr": 0.4, "pr": 0.5824641858039777}, "LEAD": {"tr": 0.44425845042801393, "meta": [2, 1, 1, 1, [2, 1], 0, 0, 0, 0, 0], "wr": 0.36, "pr": 0.5285169008560279}, "USCOCOA": {"tr": 0.5161053373122291, "meta": [1, 1, 2, 1, [3, 2], 0, 0, 0, 0, 0], "wr": 0.4666666666666667, "pr": 0.5655440079577914}, "BTCUSD": {"tr": 0.5889208545868148, "meta": [1, 2, 1, 1, [3, 2], 0, 0, 0, 0, 0], "wr": 0.5333333333333333, "pr": 0.6445083758402963}, "GOLD": {"tr": 0.6716953539565682, "meta": [1, 2, 1, 1, [3, 2], 0, 0, 0, 0, 0], "wr": 0.6136363636363636, "pr": 0.7297543442767727}, "IT40": {"tr": 0.49178424280964383, "meta": [1, 2, 2, 1, [2, 1], 0, 0, 0, 0, 0], "wr": 0.4107142857142857, "pr": 0.572854199905002}, "9988": {"tr": 0.5327153565884477, "meta": [1, 2, 1, 1, [3, 2], 0, 0, 0, 0, 0], "wr": 0.49122807017543857, "pr": 0.574202643001457}, "NIFTY50": {"tr": 0.5213447796341389, "meta": [1, 2, 1, 1, [2, 1], 0, 0, 0, 0, 0], "wr": 0.43333333333333335, "pr": 0.6093562259349445}, "ETHUSD": {"tr": 0.5623048930995396, "meta": [2, 1, 1, 1, [3, 2], 0, 0, 0, 0, 0], "wr": 0.5, "pr": 0.6246097861990793}, "USCOTTON": {"tr": 0.4841883162303523, "meta": [2, 2, 1, 1, [2, 1], 0, 0, 0, 0, 0], "wr": 0.4044943820224719, "pr": 0.5638822504382327}, "HK50": {"tr": 0.48524874584817923, "meta": [2, 1, 2, 1, [3, 2], 0, 0, 0, 0, 0], "wr": 0.4225352112676056, "pr": 0.5479622804287528}, "PLATINUM": {"tr": 0.5806409332846814, "meta": [1, 1, 2, 1, [3, 2], 0, 0, 0, 0, 0], "wr": 0.532258064516129, "pr": 0.6290238020532336}, "SILVER": {"tr": 0.41635621737584805, "meta": [2, 1, 1, 1, [2, 1], 0, 0, 0, 0, 0], "wr": 0.32857142857142857, "pr": 0.5041410061802676}, "NZDUSD": {"tr": 0.48300860014895264, "meta": [1, 2, 1, 1, [3, 2], 0, 0, 0, 0, 0], "wr": 0.43661971830985913, "pr": 0.5293974819880461}, "CHFJPY": {"tr": 0.5377673643186648, "meta": [1, 1, 1, 1, [3, 2], 0, 0, 0, 0, 0]}, "VIX": {"tr": 0.5579806551892842, "meta": [1, 1, 2, 1, [3, 2], 0, 0, 0, 0, 0], "wr": 0.5, "pr": 0.6159613103785684}, "AUDCAD": {"tr": 0.5721322345460669, "meta": [1, 2, 2, 1, [3, 2], 0, 0, 0, 0, 0], "wr": 0.5238095238095238, "pr": 0.6204549452826098}, "CORN": {"tr": 0.5499129295294894, "meta": [1, 2, 1, 1, [3, 2], 0, 0, 0, 0, 0], "wr": 0.5111111111111111, "pr": 0.5887147479478678}, "EURGBP": {"tr": 0.5286463291333665, "meta": [1, 2, 2, 1, [3, 2], 0, 0, 0, 0, 0], "wr": 0.47540983606557374, "pr": 0.5818828222011594}, "USDCAD": {"tr": 0.46826471581922413, "meta": [2, 1, 1, 1, [3, 2], 0, 0, 0, 0, 0], "wr": 0.42857142857142855, "pr": 0.5079580030670198}, "SW20": {"tr": 0.5444581887106942, "meta": [1, 2, 1, 1, [3, 2], 0, 0, 0, 0, 0], "wr": 0.5, "pr": 0.5889163774213884}, "FR40": {"tr": 0.46642676148177353, "meta": [2, 2, 2, 1, [2, 1], 0, 0, 0, 0, 0], "wr": 0.38461538461538464, "pr": 0.5482381383481625}, "AUDJPY": {"tr": 0.42655550341432286, "meta": [2, 1, 1, 1, [2, 1], 0, 0, 0, 0, 0], "wr": 0.3472222222222222, "pr": 0.5058887846064235}, "AMD": {"tr": 0.4889427483776863, "meta": [1, 2, 1, 1, [2, 1], 0, 0, 0, 0, 0]}, "EURCHF": {"tr": 0.47679630054346533, "meta": [2, 2, 2, 1, [2, 1], 0, 0, 0, 0, 0], "wr": 0.39473684210526316, "pr": 0.5588557589816675}, "AUDUSD": {"tr": 0.4481244020139783, "meta": [2, 2, 1, 1, [2, 1], 0, 0, 0, 0, 0], "wr": 0.36486486486486486, "pr": 0.5313839391630918}, "AU200": {"tr": 0.4241415242882943, "meta": [1, 2, 1, 1, [2, 1], 0, 0, 0, 0, 0]}, "MSFT": {"tr": 0.4295250945449901, "meta": [2, 2, 2, 1, [2, 1], 0, 0, 0, 0, 0], "wr": 0.3442622950819672, "pr": 0.514787894008013}, "GBPUSD": {"tr": 0.48205294100257723, "meta": [1, 2, 1, 1, [3, 2], 0, 0, 0, 0, 0], "wr": 0.43478260869565216, "pr": 0.5293232733095024}, "NL25": {"tr": 0.437330322754488, "meta": [2, 2, 1, 1, [2, 1], 0, 0, 0, 0, 0], "wr": 0.358974358974359, "pr": 0.5156862865346171}, "EURAUD": {"tr": 0.45106892834516044, "meta": [2, 1, 2, 1, [3, 2], 0, 0, 0, 0, 0]}, "US30": {"tr": 0.4201462058966958, "meta": [2, 2, 2, 1, [2, 1], 0, 0, 0, 0, 0], "wr": 0.3333333333333333, "pr": 0.5069590784600584}}