{"9988": {"tr": 0.6475889789231626, "wr": 0.5666666666666667, "pr": 0.7285112911796586, "estem": 81.20471670755566, "meta": [1, 1, 1, 1, [4, 2], 1, 1, 1, 0, 0]}, "AMD": {"tr": 0.7620185418899967, "wr": 0.7333333333333333, "pr": 0.7907037504466601, "estem": 28.141062989316012, "meta": [1, 2, 2, 2, [4, 3], 1, 1, 1, 0, 0]}, "AMZN": {"tr": 0.7906265870324413, "wr": 0.7692307692307693, "pr": 0.8120224048341133, "estem": 43.46988685648657, "meta": [2, 1, 2, 2, [5, 4], 1, 1, 1, 0, 0]}}
