{"AUDNZD": {"tr": 1.0, "wr": 1.0, "pr": 1.0, "estem": 0.006111435980446833, "meta": [1, 1, 1, 1, [3, 1], 2, 1, 1, 0, 0]}, "ETHUSD": {"tr": 0.7680741864522658, "wr": 0.7058823529411765, "pr": 0.8302660199633549, "estem": 811.0096654369627, "meta": [1, 2, 2, 1, [2, 1], 1, 2, 1, 0, 0]}, "USDCAD": {"tr": 0.8379118855554806, "wr": 0.8, "pr": 0.8758237711109612, "estem": 0.022838092625055095, "meta": [1, 2, 2, 1, [2, 1], 1, 1, 1, 0, 0]}, "DE40": {"tr": 0.5969419921898411, "wr": 0.5185185185185185, "pr": 0.6753654658611639, "estem": 1211.3194289596086, "meta": [2, 2, 2, 1, [2, 1], 1, 1, 2, 0, 0]}, "US100": {"tr": 0.6861028909686139, "wr": 0.6, "pr": 0.7722057819372278, "estem": 482.3563876163589, "meta": [2, 1, 2, 1, [2, 1], 2, 1, 1, 0, 0]}, "EURGBP": {"tr": 0.590086416079883, "wr": 0.5, "pr": 0.680172832159766, "estem": 0.0020270795474695014, "meta": [1, 1, 1, 1, [2, 1], 1, 1, 1, 0, 0]}, "9988": {"tr": 0.6227594135917607, "wr": 0.47058823529411764, "pr": 0.7749305918894037, "estem": 75.21220894128068, "meta": [1, 1, 1, 2, [4, 1], 2, 1, 2, 0, 0]}, "SG25": {"tr": 0.5670390446182987, "wr": 0.4772727272727273, "pr": 0.6568053619638701, "estem": 29.361096623781634, "meta": [1, 1, 2, 2, [2, 1], 2, 1, 1, 0, 0]}, "PLATINUM": {"tr": 0.5599795917843521, "wr": 0.48148148148148145, "pr": 0.6384777020872228, "estem": 104.1910228670688, "meta": [2, 2, 1, 1, [2, 1], 1, 1, 1, 0, 0]}, "SW20": {"tr": 0.6058580789313566, "wr": 0.525, "pr": 0.6867161578627132, "estem": 1335.6855674484086, "meta": [2, 1, 2, 1, [2, 1], 2, 1, 1, 0, 0]}, "SILVER": {"tr": 0.5615410364842772, "wr": 0.47058823529411764, "pr": 0.6524938376744367, "estem": 2.1313236391047887, "meta": [2, 1, 2, 1, [2, 1], 1, 1, 1, 0, 0]}, "USCOTTON": {"tr": 0.6049822979136579, "wr": 0.525, "pr": 0.6849645958273158, "estem": 0.28086194556086963, "meta": [1, 2, 1, 1, [2, 1], 2, 2, 2, 0, 0]}, "RTY": {"tr": 0.5337800990291613, "wr": 0.4375, "pr": 0.6300601980583227, "estem": 78.62704339494985, "meta": [1, 1, 1, 1, [2, 1], 1, 1, 1, 0, 0]}, "J225": {"tr": 0.5816084134275794, "wr": 0.5, "pr": 0.6632168268551588, "estem": 1700.2941371136985, "meta": [2, 1, 2, 1, [2, 1], 1, 2, 1, 0, 0]}, "VIX": {"tr": 0.573175575382577, "wr": 0.4482758620689655, "pr": 0.6980752886961885, "estem": 6.059920335017647, "meta": [2, 2, 1, 2, [3, 1], 1, 2, 2, 0, 0]}, "BTCUSD": {"tr": 0.5803724496977494, "wr": 0.5, "pr": 0.6607448993954987, "estem": 4181.659727069884, "meta": [1, 2, 2, 2, [2, 1], 2, 1, 1, 0, 0]}, "AU200": {"tr": 0.528343164982144, "wr": 0.4473684210526316, "pr": 0.6093179089116563, "estem": 460.5625775977396, "meta": [2, 2, 2, 1, [2, 1], 1, 1, 1, 0, 0]}, "US500": {"tr": 0.6298887331503247, "wr": 0.5384615384615384, "pr": 0.7213159278391108, "estem": 142.59659253729978, "meta": [1, 2, 1, 1, [2, 1], 1, 2, 1, 0, 0]}, "COFFEEARABICA": {"tr": 0.5349594535470962, "wr": 0.45, "pr": 0.6199189070941924, "estem": 0.5200563288539275, "meta": [1, 1, 1, 2, [2, 1], 2, 1, 1, 0, 0]}, "SOYBEAN": {"tr": 0.5150119362295118, "wr": 0.42857142857142855, "pr": 0.6014524438875951, "estem": 214.02279873926955, "meta": [1, 1, 2, 2, [2, 1], 1, 1, 1, 0, 0]}, "CHFJPY": {"tr": 0.463346036743537, "wr": 0.37037037037037035, "pr": 0.5563217031167037, "estem": 3.7701306468811993, "meta": [1, 1, 2, 1, [2, 1], 2, 1, 1, 0, 0]}, "LEAD": {"tr": 0.5304973461489637, "wr": 0.3111111111111111, "pr": 0.7498835811868162, "estem": 884.8877921476496, "meta": [1, 1, 1, 1, [6, 1], 2, 1, 1, 0, 0]}, "UK100": {"tr": 0.4707160774591225, "wr": 0.38095238095238093, "pr": 0.560479773965864, "estem": 266.34464955832664, "meta": [1, 1, 1, 2, [2, 1], 1, 1, 1, 0, 0]}, "EU50": {"tr": 0.47910777418280637, "wr": 0.3888888888888889, "pr": 0.5693266594767239, "estem": 340.46018483440184, "meta": [2, 2, 1, 1, [2, 1], 1, 2, 2, 0, 0]}, "US30": {"tr": 0.57280097758529, "wr": 0.47058823529411764, "pr": 0.6750137198764624, "estem": 1242.1488783587047, "meta": [1, 2, 2, 2, [2, 1], 1, 1, 1, 0, 0]}, "ECFZ22": {"tr": 0.4923412686429687, "wr": 0.40816326530612246, "pr": 0.5765192719798149, "estem": 24.78871820641291, "meta": [2, 1, 2, 1, [2, 1], 2, 2, 2, 0, 0]}, "GOLD": {"tr": 0.5310933152425317, "wr": 0.4, "pr": 0.6621866304850634, "estem": 98.0574834166332, "meta": [1, 2, 2, 1, [3, 1], 2, 2, 1, 0, 0]}, "SP35": {"tr": 0.5415227958750304, "wr": 0.45714285714285713, "pr": 0.6259027346072036, "estem": 992.186107640181, "meta": [1, 2, 2, 2, [2, 1], 1, 1, 1, 0, 0]}, "AMD": {"tr": 0.4960568917457868, "wr": 0.4090909090909091, "pr": 0.5830228744006646, "estem": 11.130746848203259, "meta": [2, 1, 1, 1, [2, 1], 1, 2, 2, 0, 0]}, "USDJPY": {"tr": 0.5065233272041278, "wr": 0.4146341463414634, "pr": 0.5984125080667924, "estem": 5.248269458474965, "meta": [1, 1, 1, 2, [2, 1], 2, 2, 1, 0, 0]}, "AUDCAD": {"tr": 0.6466689831688468, "wr": 0.5, "pr": 0.7933379663376935, "estem": 0.008168019867667797, "meta": [2, 1, 1, 2, [4, 1], 1, 1, 2, 0, 0]}, "USDCHF": {"tr": 0.6722226604742066, "wr": 0.6, "pr": 0.7444453209484133, "estem": 0.015146786910553045, "meta": [1, 1, 1, 2, [2, 1], 1, 2, 1, 0, 0]}, "GBPAUD": {"tr": 0.581770763374072, "wr": 0.4, "pr": 0.7635415267481439, "estem": 0.06709996384272943, "meta": [1, 1, 1, 2, [5, 1], 2, 2, 1, 0, 0]}, "AUDUSD": {"tr": 0.5890563500249498, "wr": 0.42857142857142855, "pr": 0.749541271478471, "estem": 0.013645535536845776, "meta": [1, 2, 2, 1, [4, 1], 1, 2, 1, 0, 0]}, "COPPER": {"tr": 0.42809482223260376, "wr": 0.3409090909090909, "pr": 0.5152805535561167, "estem": 0.5143608489146194, "meta": [2, 1, 1, 1, [2, 1], 1, 1, 2, 0, 0]}, "MSFT": {"tr": 0.47409138924490857, "wr": 0.25, "pr": 0.6981827784898171, "estem": 34.69524341410997, "meta": [1, 2, 1, 1, [6, 1], 2, 1, 1, 0, 0]}, "EURCHF": {"tr": 0.37831039772894637, "wr": 0.2, "pr": 0.5566207954578927, "estem": 0.006721176696872666, "meta": [1, 1, 1, 1, [5, 1], 1, 1, 1, 0, 0]}, "GBPJPY": {"tr": 0.4605488304818288, "wr": 0.25, "pr": 0.6710976609636576, "estem": 10.413204372182207, "meta": [1, 2, 2, 1, [6, 1], 1, 2, 1, 0, 0]}, "UKSUGAR": {"tr": 0.4338513141840152, "wr": 0.30434782608695654, "pr": 0.5633548022810738, "estem": 87.1052389949815, "meta": [2, 2, 2, 2, [3, 1], 1, 1, 1, 0, 0]}, "USCOCOA": {"tr": 0.49610160644943024, "wr": 0.41509433962264153, "pr": 0.577108873276219, "estem": 466.7995143205767, "meta": [2, 2, 2, 1, [2, 1], 1, 2, 2, 0, 0]}, "CORN": {"tr": 0.45872127143535724, "wr": 0.3793103448275862, "pr": 0.5381321980431283, "estem": 77.13385381055991, "meta": [1, 1, 2, 1, [2, 1], 2, 1, 2, 0, 0]}, "GME": {"tr": 0.523804100735844, "wr": 0.3333333333333333, "pr": 0.7142748681383547, "estem": 86.08425021480917, "meta": [2, 1, 1, 1, [5, 1], 2, 2, 2, 0, 0]}, "FR40": {"tr": 0.4761600202076855, "wr": 0.35, "pr": 0.602320040415371, "estem": 363.2264041500712, "meta": [2, 2, 1, 2, [3, 1], 2, 1, 2, 0, 0]}, "OIL_BRENT": {"tr": 0.46565417797262487, "wr": 0.3793103448275862, "pr": 0.5519980111176636, "estem": 14.977713856070338, "meta": [1, 2, 2, 1, [2, 1], 1, 1, 2, 0, 0]}, "AUDJPY": {"tr": 0.44398867904624967, "wr": 0.36363636363636365, "pr": 0.5243409944561357, "estem": 3.6232283931937133, "meta": [1, 2, 2, 1, [2, 1], 1, 2, 1, 0, 0]}, "CN50": {"tr": 0.5080639089353715, "wr": 0.41935483870967744, "pr": 0.5967729791610654, "estem": 898.4804308500661, "meta": [2, 2, 1, 2, [2, 1], 2, 1, 1, 0, 0]}, "HK50": {"tr": 0.5095104972493685, "wr": 0.34782608695652173, "pr": 0.6711949075422153, "estem": 1911.668204287551, "meta": [1, 1, 1, 2, [4, 1], 2, 1, 1, 0, 0]}, "AMZN": {"tr": 0.4094915636384407, "wr": 0.22727272727272727, "pr": 0.5917104000041541, "estem": 19.13190273129665, "meta": [1, 1, 1, 1, [5, 1], 2, 2, 2, 0, 0]}, "EURCAD": {"tr": 0.4482941871138343, "wr": 0.23529411764705882, "pr": 0.6612942565806098, "estem": 0.04776404740760909, "meta": [2, 1, 1, 1, [6, 1], 1, 2, 2, 0, 0]}, "IT40": {"tr": 0.4916487291981073, "wr": 0.40540540540540543, "pr": 0.5778920529908093, "estem": 3499.197270521119, "meta": [1, 2, 1, 2, [2, 1], 2, 2, 2, 0, 0]}, "EURJPY": {"tr": 0.4371308108156475, "wr": 0.34782608695652173, "pr": 0.5264355346747732,