{"AUDNZD": {"tr": 1.0, "wr": 1.0, "pr": 1.0, "estem": 0.006111435980446833, "meta": [1, 1, 1, 1, [3, 1], 2, 1, 1, 0, 0]}, "ETHUSD": {"tr": 0.7680741864522658, "wr": 0.7058823529411765, "pr": 0.8302660199633549, "estem": 811.0096654369627, "meta": [1, 2, 2, 1, [2, 1], 1, 2, 1, 0, 0]}, "USDCAD": {"tr": 0.8379118855554806, "wr": 0.8, "pr": 0.8758237711109612, "estem": 0.022838092625055095, "meta": [1, 2, 2, 1, [2, 1], 1, 1, 1, 0, 0]}, "DE40": {"tr": 0.8114679714826447, "wr": 0.8, "pr": 0.8229359429652895, "estem": 2979.516744241995, "meta": [1, 2, 2, 1, [6, 5], 1, 2, 1, 0, 0]}, "EURGBP": {"tr": 1.0, "wr": 1.0, "pr": 1.0, "estem": 0.009833510438914339, "meta": [1, 1, 1, 1, [5, 4], 1, 1, 1, 0, 0]}, "US100": {"tr": 0.6924779200109135, "wr": 0.6666666666666666, "pr": 0.7182891733551603, "estem": 1145.8452083955017, "meta": [1, 1, 1, 2, [5, 4], 1, 2, 1, 0, 0]}, "9988": {"tr": 0.7387271449944511, "wr": 0.696969696969697, "pr": 0.7804845930192053, "estem": 83.62754051942291, "meta": [1, 1, 1, 2, [3, 2], 2, 1, 2, 0, 0]}, "SG25": {"tr": 0.7507025510731329, "wr": 0.7142857142857143, "pr": 0.7871193878605514, "estem": 70.00575341050154, "meta": [1, 1, 1, 1, [4, 3], 2, 2, 1, 0, 0]}, "PLATINUM": {"tr": 0.7118896530844727, "wr": 0.6818181818181818, "pr": 0.7419611243507636, "estem": 248.47365034351833, "meta": [1, 2, 1, 1, [4, 3], 2, 2, 1, 0, 0]}, "SW20": {"tr": 0.6058580789313566, "wr": 0.525, "pr": 0.6867161578627132, "estem": 1335.6855674484086, "meta": [2, 1, 2, 1, [2, 1], 2, 1, 1, 0, 0]}, "SILVER": {"tr": 0.5615410364842772, "wr": 0.47058823529411764, "pr": 0.6524938376744367, "estem": 2.1313236391047887, "meta": [2, 1, 2, 1, [2, 1], 1, 1, 1, 0, 0]}, "USCOTTON": {"tr": 0.6463395835243638, "wr": 0.625, "pr": 0.6676791670487277, "estem": 0.6710410346405492, "meta": [1, 1, 1, 2, [5, 4], 2, 1, 1, 0, 0]}, "RTY": {"tr": 0.5337800990291613, "wr": 0.4375, "pr": 0.6300601980583227, "estem": 78.62704339494985, "meta": [1, 1, 1, 1, [2, 1], 1, 1, 1, 0, 0]}, "J225": {"tr": 0.7721587072950449, "wr": 0.75, "pr": 0.7943174145900899, "estem": 5183.916298507509, "meta": [1, 2, 2, 1, [6, 5], 1, 2, 1, 0, 0]}, "VIX": {"tr": 0.7544197289583064, "wr": 0.7083333333333334, "pr": 0.8005061245832795, "estem": 8.26497082234754, "meta": [1, 2, 1, 2, [3, 2], 1, 1, 2, 0, 0]}, "BTCUSD": {"tr": 0.6644387505937492, "wr": 0.6363636363636364, "pr": 0.6925138648238621, "estem": 15090.143413649468, "meta": [2, 2, 1, 1, [5, 4], 1, 1, 1, 0, 0]}, "AU200": {"tr": 0.8678014820184727, "wr": 0.8571428571428571, "pr": 0.8784601068940883, "estem": 1517.3828892376478, "meta": [1, 2, 1, 1, [6, 5], 1, 2, 1, 0, 0]}, "US500": {"tr": 0.6724974105082584, "wr": 0.6363636363636364, "pr": 0.7086311846528803, "estem": 429.3115575978545, "meta": [1, 2, 1, 1, [6, 5], 1, 2, 1, 0, 0]}, "COFFEEARABICA": {"tr": 0.5349594535470962, "wr": 0.45, "pr": 0.6199189070941924, "estem": 0.5200563288539275, "meta": [1, 1, 1, 2, [2, 1], 2, 1, 1, 0, 0]}, "SOYBEAN": {"tr": 0.5724489202367067, "wr": 0.5348837209302325, "pr": 0.610014119543181, "estem": 663.5272872386129, "meta": [1, 1, 1, 2, [4, 3], 2, 1, 1, 0, 0]}, "CHFJPY": {"tr": 0.7666448227765448, "wr": 0.75, "pr": 0.7832896455530894, "estem": 9.560544325214238, "meta": [1, 1, 1, 1, [6, 5], 1, 1, 1, 0, 0]}, "LEAD": {"tr": 0.6554715953837738, "wr": 0.6326530612244898, "pr": 0.6782901295430577, "estem": 1826.8564585238564, "meta": [2, 2, 2, 1, [6, 5], 1, 2, 1, 0, 0]}, "UK100": {"tr": 0.6573986676427525, "wr": 0.6363636363636364, "pr": 0.6784336989218686, "estem": 638.2969791205314, "meta": [1, 2, 1, 1, [6, 5], 1, 1, 1, 0, 0]}, "EU50": {"tr": 0.7465743425348237, "wr": 0.7222222222222222, "pr": 0.7709264628474253, "estem": 893.5371662042567, "meta": [1, 1, 2, 1, [6, 5], 2, 2, 2, 0, 0]}, "US30": {"tr": 0.5781894039836841, "wr": 0.5294117647058824, "pr": 0.6269670432614859, "estem": 3504.468403113562, "meta": [1, 2, 2, 1, [5, 4], 1, 2, 1, 0, 0]}, "ECFZ22": {"tr": 0.5645832967902722, "wr": 0.5454545454545454, "pr": 0.583712048125999, "estem": 88.0359759661784, "meta": [1, 1, 1, 1, [6, 5], 2, 2, 1, 0, 0]}, "GOLD": {"tr": 0.6398342326816986, "wr": 0.6, "pr": 0.6796684653633973, "estem": 158.49821689836654, "meta": [1, 2, 2, 2, [4, 3], 1, 1, 1, 0, 0]}, "SP35": {"tr": 0.5550084315795779, "wr": 0.53125, "pr": 0.5787668631591558, "estem": 2712.7408882596583, "meta": [1, 1, 1, 2, [5, 4], 2, 1, 2, 0, 0]}, "AMD": {"tr": 0.4960568917457868, "wr": 0.4090909090909091, "pr": 0.5830228744006646, "estem": 11.130746848203259, "meta": [2, 1, 1, 1, [2, 1], 1, 2, 2, 0, 0]}, "USDJPY": {"tr": 0.5800912410790474, "wr": 0.5333333333333333, "pr": 0.6268491488247615, "estem": 9.99796168131175, "meta": [1, 1, 2, 1, [4, 3], 1, 1, 2, 0, 0]}, "AUDCAD": {"tr": 0.7966713780515333, "wr": 0.75, "pr": 0.8433427561030667, "estem": 0.012160999542407569, "meta": [2, 1, 1, 2, [4, 2], 1, 1, 2, 0, 0]}, "USDCHF": {"tr": 1.0, "wr": 1.0, "pr": 1.0, "estem": 0.035327245034500576, "meta": [1, 2, 2, 1, [6, 5], 1, 1, 1, 0, 0]}, "GBPAUD": {"tr": 0.6933233071453946, "wr": 0.6666666666666666, "pr": 0.7199799476241227, "estem": 0.10711263514842218, "meta": [1, 1, 1, 2, [4, 3], 1, 2, 1, 0, 0]}, "AUDUSD": {"tr": 0.8764517719705694, "wr": 0.875, "pr": 0.8779035439411389, "estem": 0.03842808317931157, "meta": [1, 1, 1, 1, [5, 4], 1, 1, 1, 0, 0]}, "COPPER": {"tr": 0.4977254581498911, "wr": 0.46511627906976744, "pr": 0.5303346372300147, "estem": 1.3100456335551884, "meta": [1, 2, 1, 1, [4, 3], 1, 2, 2, 0, 0]}, "MSFT": {"tr": 0.6049524284766564, "wr": 0.55, "pr": 0.6599048569533128, "estem": 85.50618391649422, "meta": [1, 1, 1, 1, [6, 4], 1, 2, 2, 0, 0]}, "NZDUSD": {"tr": 0.8531793639045794, "wr": 0.8571428571428571, "pr": 0.8492158706663017, "estem": 0.03546677646889429, "meta": [1, 1, 1, 1, [6, 5], 2, 2, 1, 0, 0]}, "UKSUGAR": {"tr": 0.7475545608543788, "wr": 0.7241379310344828, "pr": 0.7709711906742747, "estem": 263.0649556871913, "meta": [1, 2, 2, 1, [6, 5], 1, 1, 1, 0, 0]}, "EURJPY": {"tr": 0.8388163873412147, "wr": 0.8181818181818182, "pr": 0.859450956500611, "estem": 7.730763433290406, "meta": [1, 2, 1, 1, [4, 3], 1, 1, 1, 0, 0]}, "AMZN": {"tr": 0.5874620311033953, "wr": 0.5555555555555556, "pr": 0.6193685066512352, "estem": 47.11624319544896, "meta": [1, 1, 1, 1, [6, 5], 2, 2, 2, 0, 0]}, "EURCHF": {"tr": 0.5703532424452034, "wr": 0.5, "pr": 0.6407064848904066, "estem": 0.006721176696872666, "meta": [1, 1, 1, 1, [5, 3], 1, 1, 1, 0, 0]}, "AUDJPY": {"tr": 0.6846641450272598, "wr": 0.65625, "pr": 0.7130782900545196, "estem": 19.617959324658813, "meta": [1, 1, 1, 1, [6, 5], 2, 1, 1, 0, 0]}, "GBPJPY": {"tr": 0.594084022563663, "wr": 0.5555555555555556, "pr": 0.6326124895717703, "estem": 9.886777015697731, "meta": [1, 2, 1, 1, [4, 3], 1, 1, 1, 0, 0]}, "GME": {"tr": 0.7221092310480667, "wr": 0.6818181818181818, "pr": 0.7624002802779516, "estem": 120.18129286093854, "meta": [1, 2, 1, 1, [4, 3], 1, 1, 1, 0, 0]}, "HK50": {"tr": 0.634646977280896, "wr": 0.6086956521739131, "pr": 0.6605983023878789, "estem": 3341.204977680478, "meta": [1, 1, 1, 1, [4, 3], 2, 1, 1, 0, 0]}, "USCOCOA": {"tr": 0.6099487423339988, "wr": 0.5882352941176471, "pr": 0.6316621905503504, "estem": 1284.6226541869428, "meta": [1, 1, 1, 2, [6, 5], 2, 1, 1, 0, 0]}, "CORN": {"tr": 0.6028425165318282, "wr": 0.5714285714285714, "pr": 0.634256461635085, "estem": 268.40799747062886, "meta": [2, 1, 1, 2, [6, 5], 2, 2, 1, 0, 0]}, "OIL_BRENT": {"tr": 0.6406222953454535, "wr": 0.6190476190476191, "pr": 0.6621969716432877, "estem": 52.349834745402475, "meta": [1, 1, 2, 1, [6, 5], 1, 1, 1, 0, 0]}, "CADJPY": {"tr": 0.5884712416402992, "wr": 0.5384615384615384, "pr": 0.6384809448190599, "estem": 24.53131051501633, "meta": [2, 2, 2, 1, [6, 4], 1, 2, 2, 0, 0]}, "OIL_CRUDE": {"tr": 0.6299733842173068, "wr": 0.6111111111111112, "pr": 0.6488356573235023, "estem": 42.9635799999739, "meta": [1, 2, 2, 1, [6, 5], 2, 1, 1, 0, 0]}, "NIFTY50": {"tr": 0.6270507742839122, "wr": 0.6111111111111112, "pr": 0.6429904374567131, "estem": 4472.491861550632, "meta": [2, 1, 1, 1, [6, 5], 2, 1, 1, 0, 0]},