{"US30": {"tr": 1.0, "meta": [1, 1, 1, 1, [1.5, 6], 0, 0, 0, 0, 0], "wr": 1.0, "pr": 1.0}, "US500": {"tr": 1.0, "meta": [1, 1, 1, 1, [1.5, 6], 0, 0, 0, 0, 0], "wr": 1.0, "pr": 1.0}, "ROGZ": {"tr": 0.8646321920115889, "meta": [2, 1, 1, 1, [3, 6], 0, 0, 0, 0, 0], "wr": 0.9130434782608695, "pr": 0.8162209057623084}, "AMZN": {"tr": 0.8632429655562436, "meta": [2, 1, 1, 1, [1.5, 4], 0, 0, 0, 0, 0], "wr": 0.92, "pr": 0.8064859311124871}, "UK100": {"tr": 0.9110249434348758, "meta": [2, 2, 1, 1, [3, 6], 0, 0, 0, 0, 0], "wr": 0.9444444444444444, "pr": 0.8776054424253072}, "ARL": {"tr": 1.0, "meta": [1, 1, 1, 1, [1.5, 4], 0, 0, 0, 0, 0], "wr": 1.0, "pr": 1.0}, "USCOTTON": {"tr": 0.8483536826819393, "meta": [1, 2, 1, 1, [3, 6], 0, 0, 0, 0, 0], "wr": 0.8888888888888888, "pr": 0.8078184764749899}, "USDCHF": {"tr": 0.9010186316614714, "meta": [2, 1, 1, 1, [2, 6], 0, 0, 0, 0, 0], "wr": 0.9523809523809523, "pr": 0.8496563109419906}, "SW20": {"tr": 0.7262957177862459, "meta": [1, 1, 1, 1, [1.5, 4], 0, 0, 0, 0, 0], "wr": 0.8125, "pr": 0.6400914355724917}, "COPPER": {"tr": 0.8995736865561331, "meta": [2, 2, 1, 1, [1.5, 6], 0, 0, 0, 0, 0], "wr": 0.9523809523809523, "pr": 0.8467664207313139}, "FR40": {"tr": 1.0, "meta": [1, 1, 1, 1, [1.5, 6], 0, 0, 0, 0, 0], "wr": 1.0, "pr": 1.0}, "AUDUSD": {"tr": 0.9047865459097576, "meta": [1, 2, 1, 1, [1.5, 4], 0, 0, 0, 0, 0], "wr": 0.9444444444444444, "pr": 0.8651286473750708}, "SP35": {"tr": 0.6441698449819067, "meta": [1, 1, 1, 1, [1.5, 2], 0, 0, 0, 0, 0]}, "T": {"tr": 0.9016629200780926, "meta": [1, 1, 1, 1, [1.5, 6], 0, 0, 0, 0, 0], "wr": 0.96, "pr": 0.8433258401561852}, "CHFJPY": {"tr": 0.7029355372249189, "meta": [1, 1, 1, 1, [1.5, 4], 0, 0, 0, 0, 0], "wr": 0.7916666666666666, "pr": 0.6142044077831711}, "NZDUSD": {"tr": 0.6829855640094978, "meta": [2, 1, 1, 1, [1.5, 4], 0, 0, 0, 0, 0], "wr": 0.7857142857142857, "pr": 0.58025684230471}, "GME": {"tr": 1.0, "meta": [2, 2, 1, 1, [1.5, 6], 0, 0, 0, 0, 0], "wr": 1.0, "pr": 1.0}, "DE40": {"tr": 1.0, "meta": [1, 1, 1, 1, [1.5, 6], 0, 0, 0, 0, 0], "wr": 1.0, "pr": 1.0}, "OIL_CRUDE": {"tr": 1.0, "meta": [1, 2, 1, 1, [1.5, 6], 0, 0, 0, 0, 0], "wr": 1.0, "pr": 1.0}, "BTCUSD": {"tr": 0.839044924436723, "meta": [2, 2, 1, 1, [1.5, 6], 0, 0, 0, 0, 0], "wr": 0.9230769230769231, "pr": 0.7550129257965228}, "EURGBP": {"tr": 0.8427621063051545, "meta": [2, 1, 1, 1, [1.5, 6], 0, 0, 0, 0, 0], "wr": 0.9130434782608695, "pr": 0.7724807343494394}, "CRON": {"tr": 0.7143813414451949, "meta": [1, 1, 1, 1, [2, 4], 0, 0, 0, 0, 0], "wr": 0.7857142857142857, "pr": 0.6430483971761043}, "EURAUD": {"tr": 0.8032796347155298, "meta": [1, 1, 1, 1, [2, 6], 0, 0, 0, 0, 0], "wr": 0.8846153846153846, "pr": 0.721943884815675}, "1810": {"tr": 0.857417569425931, "meta": [1, 2, 1, 1, [2, 4], 0, 0, 0, 0, 0], "wr": 0.9, "pr": 0.814835138851862}, "AU200": {"tr": 1.0, "meta": [1, 1, 1, 1, [1.5, 6], 0, 0, 0, 0, 0], "wr": 1.0, "pr": 1.0}, "GBPCHF": {"tr": 0.8591380159349508, "meta": [1, 2, 1, 1, [1.5, 4], 0, 0, 0, 0, 0], "wr": 0.9047619047619048, "pr": 0.8135141271079968}, "J225": {"tr": 0.8369475438312471, "meta": [1, 1, 1, 1, [3, 6], 0, 0, 0, 0, 0], "wr": 0.8666666666666667, "pr": 0.8072284209958276}, "TKWY": {"tr": 0.8831111506660594, "meta": [1, 2, 1, 1, [1.5, 4], 0, 0, 0, 0, 0], "wr": 0.9285714285714286, "pr": 0.8376508727606901}, "ETHUSD": {"tr": 0.7299938746047616, "meta": [1, 1, 1, 1, [2, 6], 0, 0, 0, 0, 0], "wr": 0.8333333333333334, "pr": 0.6266544158761899}, "MSFT": {"tr": 0.8724615678066062, "meta": [1, 1, 1, 1, [3, 6], 0, 0, 0, 0, 0], "wr": 0.9090909090909091, "pr": 0.8358322265223034}, "EURUSD": {"tr": 0.867677894482699, "meta": [1, 1, 1, 1, [1.5, 6], 0, 0, 0, 0, 0], "wr": 0.9310344827586207, "pr": 0.8043213062067774}, "UN01": {"tr": 0.7177514746103344, "meta": [1, 2, 1, 1, [1.5, 2], 0, 0, 0, 0, 0], "wr": 0.7391304347826086, "pr": 0.6963725144380603}, "USDCAD": {"tr": 0.9327682382749731, "meta": [2, 1, 1, 1, [3, 6], 0, 0, 0, 0, 0], "wr": 0.9473684210526315, "pr": 0.9181680554973147}, "AUDNZD": {"tr": 0.7940751615954573, "meta": [2, 1, 1, 1, [2, 6], 0, 0, 0, 0, 0], "wr": 0.875, "pr": 0.7131503231909148}, "USDJPY": {"tr": 0.7681537959745195, "meta": [1, 2, 1, 1, [1.5, 2], 0, 0, 0, 0, 0], "wr": 0.7894736842105263, "pr": 0.7468339077385125}, "SILVER": {"tr": 0.7607416204087134, "meta": [1, 2, 1, 1, [1.5, 6], 0, 0, 0, 0, 0], "wr": 0.8787878787878788, "pr": 0.642695362029548}, "RTY": {"tr": 1.0, "meta": [2, 2, 1, 1, [1.5, 6], 0, 0, 0, 0, 0], "wr": 1.0, "pr": 1.0}, "VIX": {"tr": 0.7663685383889318, "meta": [2, 1, 1, 1, [1.5, 6], 0, 0, 0, 0, 0], "wr": 0.8823529411764706, "pr": 0.6503841356013932}, "EURCHF": {"tr": 0.7876039646191426, "meta": [2, 2, 1, 1, [1.5, 6], 0, 0, 0, 0, 0], "wr": 0.896551724137931, "pr": 0.6786562051003542}, "FMCA": {"tr": 0.6713819543757268, "meta": [1, 1, 1, 1, [3, 6], 0, 0, 0, 0, 0], "wr": 0.7407407407407407, "pr": 0.6020231680107129}, "US100": {"tr": 0.813446680096837, "meta": [1, 2, 1, 1, [1.5, 6], 0, 0, 0, 0, 0], "wr": 0.9090909090909091, "pr": 0.717802451102765}, "OIL_BRENT": {"tr": 0.7815068378345685, "meta": [2, 2, 1, 1, [2, 6], 0, 0, 0, 0, 0], "wr": 0.8709677419354839, "pr": 0.6920459337336532}, "GBPJPY": {"tr": 0.8908325786443387, "meta": [2, 1, 1, 1, [1.5, 6], 0, 0, 0, 0, 0], "wr": 0.9473684210526315, "pr": 0.834296736236046}, "NIFTY50": {"tr": 0.7773951871837865, "meta": [1, 1, 1, 1, [3, 6], 0, 0, 0, 0, 0], "wr": 0.8260869565217391, "pr": 0.728703417845834}, "AUDCAD": {"tr": 0.678068227342598, "meta": [2, 1, 1, 1, [2, 4], 0, 0, 0, 0, 0], "wr": 0.75, "pr": 0.606136454685196}, "GBPUSD": {"tr": 0.7620310165564756, "meta": [1, 2, 1, 1, [3, 6], 0, 0, 0, 0, 0], "wr": 0.8181818181818182, "pr": 0.705880214931133}, "GBPAUD": {"tr": 1.0, "meta": [1, 2, 1, 1, [1.5, 4], 0, 0, 0, 0, 0], "wr": 1.0, "pr": 1.0}, "EU50": {"tr": 1.0, "meta": [1, 1, 1, 1, [1.5, 6], 0, 0, 0, 0, 0]}, "CN50": {"tr": 0.7858956579262524, "meta": [1, 1, 1, 1, [3, 6], 0, 0, 0, 0, 0], "wr": 0.8421052631578947, "pr": 0.7296860526946102}, "CORN": {"tr": 0.7251549675353444, "meta": [2, 1, 1, 1, [2, 6], 0, 0, 0, 0, 0], "wr": 0.8275862068965517, "pr": 0.622723728174137}, "PLATINUM": {"tr": 0.6647265820512813, "meta": [1, 1, 1, 1, [1.5, 6], 0, 0, 0, 0, 0]}, "ECFZ22": {"tr": 0.6912065059337453, "meta": [1, 1, 1, 1, [2, 6], 0, 0, 0, 0, 0], "wr": 0.7894736842105263, "pr": 0.5929393276569643}, "SG25": {"tr": 0.7678596094627317, "meta": [1, 2, 1, 1, [1.5, 6], 0, 0, 0, 0, 0], "wr": 0.875, "pr": 0.6607192189254635}, "LEAD": {"tr": 0.9335800495937983, "meta": [2, 2, 1, 1, [2, 6], 0, 0, 0, 0, 0], "wr": 0.9642857142857143, "pr": 0.9028743849018821}, "RR.": {"tr": 0.6516905078350983, "meta": [1, 2, 1, 1, [1.5, 4], 0, 0, 0, 0, 0], "wr": 0.76, "pr": 0.5433810156701965}, "GOLD": {"tr": 0.7314869831948355, "meta": [1, 2, 1, 1, [1.5, 6], 0, 0, 0, 0, 0], "wr": 0.8695652173913043, "pr": 0.5934087489983667}, "EURJPY": {"tr": 0.605239004273425, "meta": [1, 2, 1, 1, [1.5, 2], 0, 0, 0, 0, 0]}, "UKSUGAR": {"tr": 0.6628108714851426, "meta": [1, 2, 1, 1, [2, 6], 0, 0, 0, 0, 0], "wr": 0.7777777777777778, "pr": 0.5478439651925076}, "COFFEEARABICA": {"tr": 0.6428694957900151, "meta": [2, 2, 1, 1, [3, 6], 0, 0, 0, 0, 0], "wr": 0.72, "pr": 0.5657389915800302}, "AMD": {"tr": 0.6981948634289782, "meta": [2, 2, 1, 1, [1.5, 4], 0, 0, 0, 0, 0], "wr": 0.8, "pr": 0.5963897268579563}, "9988": {"tr": 0.6697578653488229, "meta": [2, 2, 1, 1, [1.5, 4], 0, 0, 0, 0, 0], "wr": 0.7714285714285715, "pr": 0.5680871592690743}, "EURCAD": {"tr": 0.696792586039364, "meta": [1, 2, 1, 1, [3, 6], 0, 0, 0, 0, 0], "wr": 0.7894736842105263, "pr": 0.6041114878682016}, "HK50": {"tr": 0.6844336356640247, "meta": [2, 2, 1, 1, [2, 6], 0, 0, 0, 0, 0], "wr": 0.8076923076923077, "pr": 0.5611749636357417}, "SOYBEAN": {"tr": 0.6528013037575744, "meta": [1, 2, 1, 1, [2, 6], 0, 0, 0, 0, 0]}, "AUDJPY": {"tr": 0.6341883744416371, "meta": [2, 2, 1, 1, [3, 6], 0, 0, 0, 0, 0], "wr": 0.7096774193548387, "pr": 0.5586993295284355}, "USCOCOA": {"tr": 0.601640279246185,