{"0XUSD": {"tr": 1.0, "wr": 1.0, "pr": 1.0, "estem": 0.44864513815739787, "meta": [1, 2, 2, 1, [6, 5], 1, 1, 1, 0, 0]}, "ALPINEUSD": {"tr": 0.859359857474346, "wr": 0.8823529411764706, "pr": 0.8363667737722212, "estem": 0.9473022095029, "meta": [2, 2, 1, 1, [2, 4], 1, 1, 1, 0, 0]}, "ACMUSD": {"tr": 0.9349756948824464, "wr": 0.95, "pr": 0.9199513897648929, "estem": 1.9587357001000107, "meta": [1, 2, 1, 1, [2, 5], 1, 1, 1, 0, 0]}, "AAVEUSD": {"tr": 0.8645840686374033, "wr": 0.88, "pr": 0.8491681372748066, "estem": 142.47844333816062, "meta": [1, 2, 1, 1, [5, 6], 1, 1, 1, 0, 0]}}