STRATEGY_EMMITED,STRATEGY_CONFLUENCE_FILTERED,STRATEGY_CONFIDENCE_FILTERED,STRATEGY_CONFLUENCE_ACCEPTANCE_RATE,WIN_RATE,FREQUENCY_RATE,TOTAL_RATE,PROFIT_RATE,SL_LEVEL,TP_LEVEL,CLOSED
548,10,0.6,0.01824817518248175,71.42857142857143,20.999999999999996,91.42857142857142,100.0,1.5,2.5,0.05700000000001637
702,21,0.6666666666666666,0.029914529914529916,71.11111111111111,44.99999999999999,87.3533102830075,94.3142527852488,1.5,2.5,0.058000000000021146
623,83,0.4457831325301205,0.1332263242375602,64.16666666666667,80.0,76.4991055456175,81.78443649373928,2,2.5,0.08099999999998886
514,30,0.5,0.058365758754863814,60.0,15.000000000000002,81.57641311933048,90.82344731332927,1.5,2.5,-0.3990000000000009
616,10,0.7,0.016233766233766232,46.666666666666664,15.000000000000002,78.24987702901993,91.7855386128856,2,3.0,-0.24399999999999977
721,33,0.2727272727272727,0.04576976421636616,75.55555555555556,44.99999999999999,90.93200857198481,97.52191700759735,2,3.0,0.36099999999999
