STRATEGY_EMMITED,STRATEGY_CONFLUENCE_FILTERED,STRATEGY_CONFIDENCE_FILTERED,STRATEGY_CONFLUENCE_ACCEPTANCE_RATE,WIN_RATE,FREQUENCY_RATE,TOTAL_RATE,PROFIT_RATE,SL_LEVEL,TP_LEVEL,CLOSED
698,30,0.26666666666666666,0.04297994269340974,75.0,36.0,91.95080576759969,99.21543681085672,2,3.0,0.22900000000001342
696,43,0.23255813953488372,0.0617816091954023,65.45454545454545,55.00000000000001,85.59506310912252,94.22671353251269,2,3.0,0.3019999999999925
696,40,0.25,0.05747126436781609,50.90909090909091,55.00000000000001,80.21978343028113,92.7815087965055,2,3.0,0.5740000000000123
696,49,0.24489795918367346,0.07040229885057471,46.15384615384615,78.0,79.80485331891273,94.22671353251269,2,3.0,0.671999999999997
765,17,0.7058823529411765,0.022222222222222223,69.23076923076923,78.0,82.11170104664139,87.63210039630087,1.5,2.5,0.057999999999992724
778,17,0.47058823529411764,0.021850899742930592,58.333333333333336,36.0,84.71534402273191,96.02192003247417,2,3.0,0.29300000000000637
512,17,0.7647058823529411,0.033203125,65.93406593406593,91.0,83.49391355288029,91.01956253237215,2,3.0,0.32200000000000273
512,18,0.7777777777777778,0.03515625,57.14285714285714,95.0,80.85655091551766,91.01956253237215,2,3.0,0.27700000000001523
