STRATEGY_EMMITED,STRATEGY_CONFLUENCE_FILTERED,STRATEGY_CONFIDENCE_FILTERED,STRATEGY_CONFLUENCE_ACCEPTANCE_RATE,WIN_RATE,FREQUENCY_RATE,TOTAL_RATE,PROFIT_RATE,SL_LEVEL,TP_LEVEL,CLOSED
778,45,0.2222222222222222,0.05784061696658098,76.36363636363637,55.00000000000001,89.82472371144044,95.59376114621362,2,3.0,0.32131757665240457
778,35,0.22857142857142856,0.04498714652956298,75.0,36.0,90.13530239361789,96.62186056231127,2,3.0,0.32996912062137085
777,47,0.19148936170212766,0.06048906048906049,71.42857142857143,28.000000000000004,88.25655659074127,95.46855023167122,2,3.0,0.5013206991761479
650,54,0.24074074074074073,0.08307692307692308,74.72527472527473,91.0,81.11722104065385,83.85662660438776,2,2.5,0.2874242692530231
654,35,0.17142857142857143,0.053516819571865444,61.904761904761905,20.999999999999996,76.52462681571436,82.79028320612252,1.5,2.0,-0.23743708886550507
742,58,0.2413793103448276,0.07816711590296496,79.04761904761905,95.0,85.4108909281238,88.13800744834013,2,2.5,0.28271116470233437
787,36,0.1388888888888889,0.045743329097839895,66.66666666666666,15.000000000000002,90.0,100.0,1.5,2.5,0.16294538158945215
513,12,0.8333333333333334,0.023391812865497075,63.63636363636363,55.00000000000001,75.54952376903339,80.65516382589185,1.5,2.5,0.35488288644214094
