STRATEGY_EMMITED,STRATEGY_CONFLUENCE_FILTERED,STRATEGY_CONFIDENCE_FILTERED,STRATEGY_CONFLUENCE_ACCEPTANCE_RATE,WIN_RATE,FREQUENCY_RATE,TOTAL_RATE,PROFIT_RATE,SL_LEVEL,TP_LEVEL,CLOSED
565,26,0.2692307692307692,0.04601769911504425,75.0,28.000000000000004,92.5,100.0,1.5,2,0.24600000000000932
763,30,0.26666666666666666,0.039318479685452164,75.0,36.0,92.02328363703297,99.31897662433283,1.5,2,0.5740000000000123
