STRATEGY_EMMITED,STRATEGY_CONFLUENCE_FILTERED,STRATEGY_CONFIDENCE_FILTERED,STRATEGY_CONFLUENCE_ACCEPTANCE_RATE,WIN_RATE,FREQUENCY_RATE,TOTAL_RATE,PROFIT_RATE,SL_LEVEL,TP_LEVEL,CLOSED
607,59,0.15254237288135594,0.09719934102141681,77.77777777777779,44.99999999999999,91.42063243512388,97.26757014541506,1.5,2,-0.15330435390345087
746,27,0.2222222222222222,0.036193029490616625,61.904761904761905,20.999999999999996,76.90991022949318,83.34068808294944,2,2.5,0.5526858800027128
743,14,0.14285714285714285,0.018842530282637954,33.33333333333333,3.0000000000000027,80.0,100.0,1.5,2.5,-0.2368311264005456
648,38,0.15789473684210525,0.05864197530864197,66.66666666666666,20.999999999999996,85.3872355302743,93.41033647182043,1.5,2.0,-0.4082223899836208
510,20,0.2,0.0392156862745098,60.0,9.999999999999998,88.0,100.0,1.5,2.0,-0.2863677538377374
638,28,0.17857142857142858,0.0438871473354232,60.0,15.000000000000002,83.13119811760257,93.04456873943224,1.5,2.5,0.35341826473080573
744,19,0.3157894736842105,0.025537634408602152,57.14285714285714,20.999999999999996,75.02358078474285,82.68674805983672,1.5,2.0,-0.02786972160376422
