{"COPPER": {"tr": 0.7006462132388492, "meta": [1, 2, 2, 1, [1, 1.5], 0, 0, 0, 0, 0], "wr": 0.7428571428571429, "pr": 0.6584352836205556}, "ETHUSD": {"tr": 0.7068908572482022, "meta": [2, 2, 1, 1, [1, 1.5], 0, 0, 0, 0, 0], "wr": 0.7575757575757576, "pr": 0.6562059569206468}, "USDCHF": {"tr": 0.6783254753375458, "meta": [1, 1, 1, 1, [1, 1.5], 0, 0, 0, 0, 0]}, "CHFJPY": {"tr": 0.7711819737818401, "meta": [1, 1, 2, 1, [1, 1.5], 0, 0, 0, 0, 0], "wr": 0.8085106382978723, "pr": 0.7338533092658078}, "CN50": {"tr": 0.6948953892104189, "meta": [1, 1, 2, 1, [1, 1.5], 0, 0, 0, 0, 0], "wr": 0.7321428571428571, "pr": 0.6576479212779808}, "AMZN": {"tr": 0.7144046163822236, "meta": [2, 2, 1, 1, [1, 1.5], 0, 0, 0, 0, 0], "wr": 0.7619047619047619, "pr": 0.6669044708596854}, "ROGZ": {"tr": 0.6460729155501885, "meta": [1, 1, 2, 1, [1.5, 1], 0, 0, 0, 0, 0], "wr": 0.6052631578947368, "pr": 0.6868826732056401}, "EURJPY": {"tr": 0.6246961597540226, "meta": [1, 1, 1, 1, [1, 1.5], 0, 0, 0, 0, 0]}, "SOYBEAN": {"tr": 0.6334325487190207, "meta": [1, 1, 1, 1, [1, 1.5], 0, 0, 0, 0, 0]}, "GOLD": {"tr": 0.6307348763289828, "meta": [1, 1, 2, 1, [1, 1.5], 0, 0, 0, 0, 0], "wr": 0.6779661016949152, "pr": 0.5835036509630506}, "CORN": {"tr": 0.6157053845649785, "meta": [1, 1, 1, 1, [1, 1.5], 0, 0, 0, 0, 0]}, "UKSUGAR": {"tr": 0.66611052746471, "meta": [2, 2, 2, 1, [1, 1.5], 0, 0, 0, 0, 0], "wr": 0.7096774193548387, "pr": 0.6225436355745813}, "FMCA": {"tr": 0.61727542369559, "meta": [1, 1, 1, 1, [1.33, 1], 0, 0, 0, 0, 0], "wr": 0.5833333333333334, "pr": 0.6512175140578464}, "USCOTTON": {"tr": 0.7265406556282163, "meta": [1, 2, 2, 1, [1, 1.5], 0, 0, 0, 0, 0], "wr": 0.7692307692307693, "pr": 0.6838505420256633}, "USDCAD": {"tr": 0.6261467739381766, "meta": [1, 2, 1, 1, [1, 1.5], 0, 0, 0, 0, 0], "wr": 0.6724137931034483, "pr": 0.579879754772905}, "US30": {"tr": 0.6122604023787732, "meta": [1, 2, 1, 1, [1, 1.5], 0, 0, 0, 0, 0], "wr": 0.6585365853658537, "pr": 0.5659842193916929}, "GBPCHF": {"tr": 0.6022080160857529, "meta": [1, 1, 2, 1, [1.33, 1], 0, 0, 0, 0, 0], "wr": 0.5660377358490566, "pr": 0.6383782963224492}, "AMD": {"tr": 0.5985065183321677, "meta": [1, 1, 1, 1, [1, 1.5], 0, 0, 0, 0, 0]}, "UK100": {"tr": 0.6066901494259067, "meta": [1, 1, 2, 1, [1, 1.5], 0, 0, 0, 0, 0], "wr": 0.6666666666666666, "pr": 0.5467136321851469}, "VIX": {"tr": 0.5940355059609673, "meta": [1, 1, 1, 1, [1, 1.5], 0, 0, 0, 0, 0]}, "BTCUSD": {"tr": 0.5966781729141499, "meta": [1, 1, 1, 1, [1, 1.5], 0, 0, 0, 0, 0]}, "ARL": {"tr": 0.6048034453572171, "meta": [2, 1, 1, 1, [1.5, 1], 0, 0, 0, 0, 0], "wr": 0.5645161290322581, "pr": 0.6450907616821762}, "UN01": {"tr": 0.6234299149434543, "meta": [2, 2, 1, 1, [1, 1.5], 0, 0, 0, 0, 0], "wr": 0.6708860759493671, "pr": 0.5759737539375416}, "PLATINUM": {"tr": 0.5963399088929819, "meta": [1, 2, 1, 1, [1, 1.5], 0, 0, 0, 0, 0], "wr": 0.6461538461538462, "pr": 0.5465259716321177}, "US500": {"tr": 0.5943953278778016, "meta": [2, 1, 1, 1, [1, 1.5], 0, 0, 0, 0, 0], "wr": 0.6428571428571429, "pr": 0.5459335128984604}, "1810": {"tr": 0.6170808671158088, "meta": [2, 2, 1, 1, [1, 1.5], 0, 0, 0, 0, 0], "wr": 0.654320987654321, "pr": 0.5798407465772967}, "DE40": {"tr": 0.6167250573737968, "meta": [2, 1, 2, 1, [1, 1.5], 0, 0, 0, 0, 0], "wr": 0.6714285714285714, "pr": 0.5620215433190223}, "HK50": {"tr": 0.6312212825806489, "meta": [1, 1, 2, 1, [1, 1.5], 0, 0, 0, 0, 0], "wr": 0.6829268292682927, "pr": 0.5795157358930052}, "SW20": {"tr": 0.5702638099267292, "meta": [1, 1, 1, 1, [1, 1.5], 0, 0, 0, 0, 0]}, "COFFEEARABICA": {"tr": 0.5822384188180474, "meta": [2, 2, 2, 1, [1, 1.5], 0, 0, 0, 0, 0], "wr": 0.631578947368421, "pr": 0.5328978902676739}, "EURCHF": {"tr": 0.6145745756670193, "meta": [1, 2, 2, 1, [1, 1.5], 0, 0, 0, 0, 0], "wr": 0.6666666666666666, "pr": 0.5624824846673722}, "EURUSD": {"tr": 0.6526338477707392, "meta": [1, 2, 1, 1, [1, 1.5], 0, 0, 0, 0, 0], "wr": 0.7, "pr": 0.6052676955414785}, "EURCAD": {"tr": 0.6105820949361906, "meta": [2, 2, 1, 1, [1, 1.5], 0, 0, 0, 0, 0], "wr": 0.6625, "pr": 0.5586641898723814}, "SP35": {"tr": 0.525564154131989, "meta": [1, 1, 1, 1, [1.33, 1], 0, 0, 0, 0, 0], "wr": 0.5, "pr": 0.551128308263978}, "RTY": {"tr": 0.4898714110449749, "meta": [2, 1, 1, 1, [1.5, 1], 0, 0, 0, 0, 0], "wr": 0.44155844155844154, "pr": 0.5381843805315082}, "CADJPY": {"tr": 0.5774973081313817, "meta": [2, 2, 1, 1, [1, 1.5], 0, 0, 0, 0, 0], "wr": 0.625, "pr": 0.5299946162627633}, "US100": {"tr": 0.5150815108055263, "meta": [1, 1, 1, 1, [1.33, 1], 0, 0, 0, 0, 0], "wr": 0.4805194805194805, "pr": 0.5496435410915721}, "GBPUSD": {"tr": 0.5921209065868203, "meta": [1, 2, 1, 1, [1, 1.5], 0, 0, 0, 0, 0], "wr": 0.6415094339622641, "pr": 0.5427323792113765}, "TKWY": {"tr": 0.5153399983282454, "meta": [1, 1, 2, 1, [1.33, 1], 0, 0, 0, 0, 0], "wr": 0.4791666666666667, "pr": 0.5515133299898242}, "EURGBP": {"tr": 0.45114517279177224, "meta": [1, 1, 1, 1, [1.5, 1], 0, 0, 0, 0, 0]}, "FR40": {"tr": 0.47678554564950953, "meta": [2, 2, 2, 1, [1.33, 1], 0, 0, 0, 0, 0], "wr": 0.4444444444444444, "pr": 0.5091266468545746}, "9988": {"tr": 0.5966258996675062, "meta": [1, 2, 1, 1, [1, 1.5], 0, 0, 0, 0, 0], "wr": 0.6470588235294118, "pr": 0.5461929758056006}, "USDJPY": {"tr": 0.628511813843516, "meta": [1, 2, 1, 1, [1, 1.5], 0, 0, 0, 0, 0], "wr": 0.676923076923077, "pr": 0.580100550763955}, "NIFTY50": {"tr": 0.5714591907749977, "meta": [1, 1, 2, 1, [1, 1.5], 0, 0, 0, 0, 0]}, "OIL_BRENT": {"tr": 0.5687819107114387, "meta": [1, 1, 2, 1, [1, 1.5], 0, 0, 0, 0, 0]}, "AUDUSD": {"tr": 0.62103650507413, "meta": [1, 2, 1, 1, [1, 1.5], 0, 0, 0, 0, 0], "wr": 0.6724137931034483, "pr": 0.5696592170448117}, "SILVER": {"tr": 0.45187799593477945, "meta": [1, 1, 2, 1, [1.5, 1], 0, 0, 0, 0, 0]}, "IT40": {"tr": 0.4867104462750774, "meta": [2, 2, 2, 1, [1.33, 1], 0, 0, 0, 0, 0], "wr": 0.45161290322580644, "pr": 0.5218079893243484}, "T": {"tr": 0.5499160955632656, "meta": [2, 1, 1, 1, [1, 1.5], 0, 0, 0, 0, 0], "wr": 0.5972222222222222, "pr": 0.5026099689043089}, "GBPAUD": {"tr": 0.622773897024078, "meta": [1, 2, 1, 1, [1, 1.5], 0, 0, 0, 0, 0]}, "LEAD": {"tr": 0.6329313322133945, "meta": [2, 2, 1, 1, [1, 1.5], 0, 0, 0, 0, 0], "wr": 0.6833333333333333, "pr": 0.5825293310934557}, "ECFZ22": {"tr": 0.5858629756469242, "meta": [1, 2, 1, 1, [1, 1.5], 0, 0, 0, 0, 0]}, "GME": {"tr": 0.5605321517962168, "meta": [2, 2, 2, 1, [1, 1.5], 0, 0, 0, 0, 0], "wr": 0.6111111111111112, "pr": 0.5099531924813225}, "EURAUD": {"tr": 0.5547337146547162, "meta": [1, 2, 2, 1, [1, 1.5], 0, 0, 0, 0, 0], "wr": 0.6, "pr": 0.5094674293094325}, "OIL_CRUDE": {"tr": 0.5520773849534926, "meta": [1, 2, 1, 1, [1, 1.5], 0, 0, 0, 0, 0]}, "NL25": {"tr": 0.4735056152075272, "meta": [1, 2, 2, 1, [1.5, 1], 0, 0, 0, 0, 0], "wr": 0.43209876543209874, "pr": 0.5149124649829557}, "RR.": {"tr": 0.46315135269634267, "meta": [1, 2, 1, 1, [1.5, 1], 0, 0, 0, 0, 0]}, "J225": {"tr": 0.4295808140330663, "meta": [1, 2, 1, 1, [2, 1], 0, 0, 0, 0, 0]}, "GBPJPY": {"tr": 0.5602705011194202, "meta": [2, 2, 1, 1, [1, 1.5], 0, 0, 0, 0, 0], "wr": 0.6133333333333333, "pr": 0.5072076689055073}, "AUDNZD": {"tr": 0.5548089214447849, "meta": [2, 2, 1, 1, [1, 1.5], 0, 0, 0, 0, 0]}}