{"COPPER": {"tr": 0.7156084860893421, "meta": [2, 2, 3, 1, [1, 1.5], 0, 0, 0, 0, 0], "wr": 0.7567567567567568, "pr": 0.6744602154219274}, "ETHUSD": {"tr": 0.6922664925797943, "meta": [2, 2, 1, 1, [1, 1.5], 0, 0, 0, 0, 0], "wr": 0.746268656716418, "pr": 0.6382643284431708}, "CN50": {"tr": 0.6997936728103072, "meta": [1, 1, 2, 1, [1, 1.5], 0, 0, 0, 0, 0], "wr": 0.7368421052631579, "pr": 0.6627452403574566}, "AMZN": {"tr": 0.7144046163822236, "meta": [2, 2, 1, 1, [1, 1.5], 0, 0, 0, 0, 0], "wr": 0.7619047619047619, "pr": 0.6669044708596854}, "ROGZ": {"tr": 0.6460729155501885, "meta": [1, 1, 2, 1, [1.5, 1], 0, 0, 0, 0, 0], "wr": 0.6052631578947368, "pr": 0.6868826732056401}, "SOYBEAN": {"tr": 0.6444333238528748, "meta": [1, 1, 1, 1, [1, 1.5], 0, 0, 0, 0, 0]}, "US30": {"tr": 0.6200910118279817, "meta": [1, 2, 1, 1, [1, 1.5], 0, 0, 0, 0, 0], "wr": 0.6666666666666666, "pr": 0.5735153569892966}, "GOLD": {"tr": 0.6359874199550076, "meta": [2, 1, 3, 1, [1, 1.5], 0, 0, 0, 0, 0], "wr": 0.6833333333333333, "pr": 0.5886415065766819}, "UKSUGAR": {"tr": 0.6781978314806156, "meta": [2, 2, 3, 1, [1, 1.5], 0, 0, 0, 0, 0], "wr": 0.7213114754098361, "pr": 0.6350841875513952}, "USCOTTON": {"tr": 0.7517580380859346, "meta": [2, 3, 2, 1, [1, 1.5], 0, 0, 0, 0, 0], "wr": 0.7959183673469388, "pr": 0.7075977088249303}, "FMCA": {"tr": 0.6169962724729965, "meta": [1, 1, 3, 1, [1, 1.5], 0, 0, 0, 0, 0], "wr": 0.660377358490566, "pr": 0.5736151864554269}, "UK100": {"tr": 0.6418093131935642, "meta": [2, 1, 3, 1, [1, 1.5], 0, 0, 0, 0, 0], "wr": 0.6984126984126984, "pr": 0.5852059279744299}, "AMD": {"tr": 0.5985065183321677, "meta": [1, 1, 1, 1, [1, 1.5], 0, 0, 0, 0, 0]}, "VIX": {"tr": 0.594035506157826, "meta": [1, 1, 1, 1, [1, 1.5], 0, 0, 0, 0, 0]}, "US500": {"tr": 0.6483435441876033, "meta": [3, 1, 1, 1, [1, 1.5], 0, 0, 0, 0, 0], "wr": 0.6941176470588235, "pr": 0.6025694413163831}, "ARL": {"tr": 0.6048034453572171, "meta": [2, 1, 1, 1, [1.5, 1], 0, 0, 0, 0, 0], "wr": 0.5645161290322581, "pr": 0.6450907616821762}, "BTCUSD": {"tr": 0.5964189900818373, "meta": [3, 1, 1, 1, [1, 1.5], 0, 0, 0, 0, 0], "wr": 0.6421052631578947, "pr": 0.5507327170057797}, "UN01": {"tr": 0.6234299149434543, "meta": [2, 2, 1, 1, [1, 1.5], 0, 0, 0, 0, 0], "wr": 0.6708860759493671, "pr": 0.5759737539375416}, "DE40": {"tr": 0.6700264704522281, "meta": [1, 3, 1, 1, [1, 1.5], 0, 0, 0, 0, 0], "wr": 0.7272727272727273, "pr": 0.612780213631729}, "1810": {"tr": 0.6410660665026888, "meta": [1, 3, 1, 1, [2, 1], 0, 0, 0, 0, 0], "wr": 0.5555555555555556, "pr": 0.7265765774498222}, "HK50": {"tr": 0.6326653006238486, "meta": [3, 1, 2, 1, [1, 1.5], 0, 0, 0, 0, 0], "wr": 0.6790123456790124, "pr": 0.5863182555686849}, "COFFEEARABICA": {"tr": 0.5822384188180474, "meta": [2, 2, 2, 1, [1, 1.5], 0, 0, 0, 0, 0], "wr": 0.631578947368421, "pr": 0.5328978902676739}, "US100": {"tr": 0.5765563668229303, "meta": [3, 1, 1, 1, [1, 1.5], 0, 0, 0, 0, 0], "wr": 0.627906976744186, "pr": 0.5252057569016746}, "RTY": {"tr": 0.6086051636831347, "meta": [3, 1, 1, 1, [1, 1.5], 0, 0, 0, 0, 0], "wr": 0.6559139784946236, "pr": 0.5612963488716458}, "TKWY": {"tr": 0.5750946886085155, "meta": [3, 1, 1, 1, [1, 1.5], 0, 0, 0, 0, 0], "wr": 0.6219512195121951, "pr": 0.5282381577048361}, "FR40": {"tr": 0.56633153956026, "meta": [3, 1, 1, 1, [1, 1.5], 0, 0, 0, 0, 0], "wr": 0.6210526315789474, "pr": 0.5116104475415727}, "9988": {"tr": 0.6197646509316084, "meta": [2, 1, 3, 1, [1, 1.5], 0, 0, 0, 0, 0], "wr": 0.6666666666666666, "pr": 0.5728626351965502}, "NIFTY50": {"tr": 0.5713243852751289, "meta": [1, 1, 2, 1, [1, 1.5], 0, 0, 0, 0, 0]}, "SILVER": {"tr": 0.5679558337620048, "meta": [3, 1, 2, 1, [1, 1.5], 0, 0, 0, 0, 0], "wr": 0.6236559139784946, "pr": 0.5122557535455148}, "ECFZ22": {"tr": 0.6053970631804382, "meta": [2, 3, 1, 1, [1, 1.5], 0, 0, 0, 0, 0], "wr": 0.6507936507936508, "pr": 0.5600004755672255}, "GME": {"tr": 0.5605321517962168, "meta": [2, 2, 2, 1, [1, 1.5], 0, 0, 0, 0, 0], "wr": 0.6111111111111112, "pr": 0.5099531924813225}, "OIL_CRUDE": {"tr": 0.6029555834768405, "meta": [1, 3, 1, 1, [1, 1.5], 0, 0, 0, 0, 0], "wr": 0.6415094339622641, "pr": 0.5644017329914169}, "RR.": {"tr": 0.6040394554306414, "meta": [3, 1, 2, 1, [1, 1.5], 0, 0, 0, 0, 0], "wr": 0.651685393258427, "pr": 0.5563935176028558}, "J225": {"tr": 0.547243977609672, "meta": [2, 3, 1, 1, [1, 1.5], 0, 0, 0, 0, 0], "wr": 0.5925925925925926, "pr": 0.5018953626267515}, "EU50": {"tr": 0.6176483813037337, "meta": [1, 3, 1, 1, [1, 1.5], 0, 0, 0, 0, 0]}, "T": {"tr": 0.5499160955632656, "meta": [2, 1, 1, 1, [1, 1.5], 0, 0, 0, 0, 0]}}
